Name,page,row,col
ショボいオノ,1,1,1
いしのオノ,1,1,2
オノ,1,1,3
ショボいスコップ,1,1,4
スコップ,1,1,5
ショボいつりざお,1,1,6
つりざお,1,1,7
ショボいあみ,1,1,8
あみ,1,1,9
ショボいジョウロ,1,1,10
ジョウロ,1,2,1
パチンコ,1,2,2
きんのオノ,1,2,3
きんのスコップ,1,2,4
きんのつりざお,1,2,5
きんのあみ,1,2,6
きんのジョウロ,1,2,7
きんのパチンコ,1,2,8
たかとびぼう,1,2,9
はしご,1,2,10
ステッキ,1,3,1
おくすり,1,3,2
サカナのまきエサ,1,3,3
オカリナ,1,3,4
パンフルート,1,3,5
おとしあなのタネ,1,3,6
たきび,1,3,7
キャンプファイア,1,3,8
たいまつ,1,3,9
ものほしロープ,1,3,10
かかし,1,4,1
きのえだのリース,1,4,2
きのえだのステッキ,1,4,3
そぼくなDIYさぎょうだい,1,4,4
ちいさなDIYさぎょうだい,1,4,5
DIYさぎょうだい,1,4,6
もくせいスツール,1,4,7
もくせいチェア,1,4,8
もくせいミニテーブル,1,4,9
もくせいサイドテーブル,1,4,10
もくせいローテーブル,1,5,1
もくせいテーブル,1,5,2
もくせいクロゼット,1,5,3
もくせいチェスト,1,5,4
もくせいシングルベッド,1,5,5
もくせいダブルベッド,1,5,6
もくせいのすがたみ,1,5,7
もくせいテーブルミラー,1,5,8
もくせいのくずかご,1,5,9
まるたのスツール,1,5,10
まるたのベンチ,1,6,1
ワイルドなまるたのベンチ,1,6,2
まるたのダイニングテーブル,1,6,3
まるたのラウンドテーブル,1,6,4
まるたのガーデンベッド,1,6,5
まるたのソファ,1,6,6
まるたのロングソファ,1,6,7
まるたのベッド,1,6,8
まるたのかざりだな,1,6,9
まるたのかべかけどけい,1,6,10
まるたのくい,1,7,1
つみきのおもちゃ,1,7,2
つみきスツール,1,7,3
つみきチェア,1,7,4
つみきベンチ,1,7,5
つみきテーブル,1,7,6
つみきチェスト,1,7,7
つみきベッド,1,7,8
つみきブックシェルフ,1,7,9
つみきコンポ,1,7,10
つみきウォールクロック,1,8,1
そぼくなせんめんだい,1,8,2
そぼくなもくせいかんばん,1,8,3
ナチュラルなガーデンチェア,1,8,4
ナチュラルなスクエアテーブル,1,8,5
ナチュラルなガーデンテーブル,1,8,6
ロッキングチェア,1,8,7
ベンチブランコ,1,8,8
ハリボテのくさ,1,8,9
ハリボテのいけがき,1,8,10
ハリボテのやま,1,9,1
ハリボテのき,1,9,2
ちゃぶだい,1,9,3
トロフィーケース,1,9,4
ておしぐるま,1,9,5
もくば,1,9,6
とりかご,1,9,7
ふめんだい,1,9,8
アコースティックギター,1,9,9
いぬごや,1,9,10
たる,1,10,1
もくせいのバケツ,1,10,2
バターかくはんき,1,10,3
すばこ,1,10,4
えんげいワゴン,1,10,5
ぼんさいだな,1,10,6
やたい,1,10,7
みちしるべ,1,10,8
ナナメのみちしるべ,1,10,9
せかいのみちしるべ,1,10,10
そり,1,11,1
わなげ,1,11,2
マトリョーシカ,1,11,3
ウクレレ,1,11,4
もくぎょ,1,11,5
せんたくおけ,1,11,6
カッティングボード,1,11,7
デコイ,1,11,8
まき,1,11,9
もくせいのこうぐばこ,1,11,10
キーハンガー,1,12,1
ブーメラン,1,12,2
しかのオブジェ,1,12,3
いちまいいたのかんばん,1,12,4
ボーンなドアプレート,1,12,5
にくきゅうのドアプレート,1,12,6
ログなドアプレート,1,12,7
ミックスウッドのかべ,1,12,8
よせぎのかべ,1,12,9
ダークなよせぎのかべ,1,12,10
ワイルドウッドのかべ,1,13,1
ちゃいろいヘリンボーンのかべ,1,13,2
こげちゃのヘリンボーンのかべ,1,13,3
ふしありウッドウォール,1,13,4
ログハウスのかべ,1,13,5
ウッディなかべ,1,13,6
せおいばしご,1,13,7
よこいたのさく,1,13,8
たていたのさく,1,13,9
まるたのさく,1,13,10
トゲトゲのさく,1,14,1
ゆうしてっせん,1,14,2
そぼくなもくせいのさく,1,14,3
ラティス,1,14,4
オリエンタルなさく,1,14,5
あきかんカリンバ,1,14,6
タイヤのゆうぐ,1,14,7
つまれたタイヤ,1,14,8
ゴミぶくろ,1,14,9
ゴミのやまなかべ,1,14,10
おへやのゆか,1,15,1
リサイクルながぐつ,1,15,2
ねんどのおもちゃ,1,15,3
すやきのしょっき,1,15,4
とうきのジャグ,1,15,5
かめ,1,15,6
アロマポット,1,15,7
たぬきのおきもの,1,15,8
いしがま,1,15,9
レンガのいど,1,15,10
サイロ,2,1,1
レンガのカベ,2,1,2
いしのスツール,2,1,3
いしのテーブル,2,1,4
バードバス,2,1,5
みずのみば,2,1,6
ふんすい,2,1,7
よくあるにわいし,2,1,8
ひくいにわいし,2,1,9
こけむしたにわいし,2,1,10
たかいにわいし,2,2,1
ストーンアーチ,2,2,2
サウナストーブ,2,2,3
シンプルないど,2,2,4
ろてんぶろ,2,2,5
しょうはブロック,2,2,6
ようふうのはかいし,2,2,7
わふうのはかいし,2,2,8
せきしし,2,2,9
せきひ,2,2,10
とうろう,2,3,1
いしのみずうけ,2,3,2
いしのみずうけ～さくら～,2,3,3
いしのみずうけ～もみじ～,2,3,4
かせきのドアプレート,2,3,5
いしのかべ,2,3,6
ランダムストーンのかべ,2,3,7
ちかしつのゆか,2,3,8
いしかべ,2,3,9
ようふうのさく,2,3,10
わふうのさく,2,4,1
アイアンガーデンチェア,2,4,2
アイアンガーデンテーブル,2,4,3
アイアンガーデンベンチ,2,4,4
アイアンワークテーブル,2,4,5
アイアンクロゼット,2,4,6
アイアンシェルフ,2,4,7
アイアンハンガースタンド,2,4,8
かさたて,2,4,9
フライパン,2,4,10
どら,2,5,1
ておしポンプ,2,5,2
おり,2,5,3
ケトルベル,2,5,4
バーベル,2,5,5
てっこつ,2,5,6
ごえもんぶろ,2,5,7
マンホール,2,5,8
アイアンウォールランプ,2,5,9
アイアンウォールラック,2,5,10
アイアンなドアプレート,2,6,1
エンブレムなドアプレート,2,6,2
てっこつのかべ,2,6,3
てっぱんのゆか,2,6,4
アイアンアーマーヘルメット,2,6,5
アイアンアーマー,2,6,6
アイアンアーマーシューズ,2,6,7
ペグとロープ,2,6,8
てつのさく,2,6,9
ウェディングなさく,2,6,10
てつのステッキ,2,7,1
アイアンウッドチェア,2,7,2
アイアンウッドワゴン,2,7,3
アイアンウッドチェスト,2,7,4
アイアンウッドテーブル,2,7,5
アイアンウッドローテーブル,2,7,6
アイアンウッドベッド,2,7,7
アイアンウッドカップボード,2,7,8
アイアンウッドキッチン,2,7,9
アイアンウッドDIYテーブル,2,7,10
ガーデンベンチ,2,8,1
アイアンウッドクロック,2,8,2
きんののべぼう,2,8,3
おうごんのしょっき,2,8,4
おうごんのしょくだい,2,8,5
おうごんのベンチ,2,8,6
おうごんのひつぎ,2,8,7
おうごんのトイレ,2,8,8
きんのまねきねこ,2,8,9
おうごんのはぐるま,2,8,10
きんのスカラベ,2,9,1
きんのアロワナ,2,9,2
おうごんのかべ,2,9,3
きんぱくのふすま,2,9,4
おうごんのゆか,2,9,5
ゴールデンアーマーヘルメット,2,9,6
ゴールデンアーマー,2,9,7
ゴールデンアーマーシューズ,2,9,8
おうごんのステッキ,2,9,9
ほしくさのベッド,2,9,10
たにくしょくぶつ,2,10,1
テラリウム,2,10,2
スワッグ,2,10,3
かべかけのはっぱ,2,10,4
ハンギングテラリウム,2,10,5
ジャングルのかべがみ,2,10,6
じゅかいなかべ,2,10,7
ジャングルのゆか,2,10,8
しばふのゆか,2,10,9
はっぱ,2,10,10
はっぱのおめん,2,11,1
はっぱのかさ,2,11,2
さんどがさ,2,11,3
かさぼうし,2,11,4
みの,2,11,5
こしみの,2,11,6
みどりのこしみの,2,11,7
くさあみリュック,2,11,8
わらぼしのさく,2,11,9
いけがき,2,11,10
オレンジのサイドテーブル,2,12,1
オレンジのかべかけどけい,2,12,2
オレンジのかべがみ,2,12,3
オレンジのラグ,2,12,4
オレンジのかさ,2,12,5
オレンジのぼうし,2,12,6
オレンジのふく,2,12,7
さくらんぼのスピーカー,2,12,8
さくらんぼのランプ,2,12,9
さくらんぼのかべがみ,2,12,10
さくらんぼのラグ,2,13,1
さくらんぼのかさ,2,13,2
さくらんぼのぼうし,2,13,3
さくらんぼのふく,2,13,4
モモのチェア,2,13,5
モモのビックリばこ,2,13,6
モモのかべがみ,2,13,7
モモのラグ,2,13,8
モモのかさ,2,13,9
モモのぼうし,2,13,10
モモのふく,2,14,1
ナシのクロゼット,2,14,2
ナシのベッド,2,14,3
ナシのかべがみ,2,14,4
ナシのラグ,2,14,5
ナシのかさ,2,14,6
ナシのぼうし,2,14,7
ナシのふく,2,14,8
リンゴのチェア,2,14,9
リンゴのテレビ,2,14,10
リンゴのかべがみ,2,15,1
リンゴのラグ,2,15,2
リンゴのかさ,2,15,3
リンゴのぼうし,2,15,4
リンゴのふく,2,15,5
ココナッツジュース,2,15,6
パームツリーランプ,2,15,7
ヤシのウォールプランター,2,15,8
フルーツバスケット,2,15,9
フルーツウォーターサーバー,2,15,10
フルーツのリース,3,1,1
ようほうばこ,3,1,2
ビーハイブなかべ,3,1,3
ハチミツなゆか,3,1,4
つまれたほん,3,1,5
マイクロライブラリー,3,1,6
もくせいのほんだな,3,1,7
ライブラリーなかべ,3,1,8
マガジンラック,3,1,9
ざっしのたば,3,1,10
マンガライブラリーなかべ,3,2,1
しょるいのやま,3,2,2
ちらばったかみ,3,2,3
ダンボールチェア,3,2,4
ダンボールソファ,3,2,5
ダンボールテーブル,3,2,6
ダンボールベッド,3,2,7
ひっこしダンボールS,3,2,8
ひっこしダンボールM,3,2,9
ひっこしダンボールL,3,2,10
ざぶとんのやま,3,3,1
ドラムかんぶろ,3,3,2
くまのトクダイちゃん,3,3,3
ストリートピアノ,3,3,4
マネーなゆか,3,3,5
スターライト,3,3,6
みかづきチェア,3,3,7
つき,3,3,8
いんせき,3,3,9
アストロノーツ,3,3,10
ロケット,3,4,1
じんこうえいせい,3,4,2
スペースシャトル,3,4,3
ゆうじんうちゅうせん,3,4,4
ちゃくりくせん,3,4,5
げつめんいどうしゃ,3,4,6
そらとぶえんばん,3,4,7
ヒーローロボ,3,4,8
スタークロック,3,4,9
スターなガーランド,3,4,10
ほしぞらのかべ,3,5,1
スターなかべ,3,5,2
うちゅうせんのかべ,3,5,3
ぎんがけいのゆか,3,5,4
げつめんのゆか,3,5,5
うちゅうせんのゆか,3,5,6
おほしさまのあたま,3,5,7
スターなポシェット,3,5,8
スターなステッキ,3,5,9
アリエスのもくば,3,5,10
タウラスのバスタブ,3,6,1
ジェミニのクロゼット,3,6,2
キャンサーのテーブル,3,6,3
レオのちょうこく,3,6,4
ヴァルゴのハープ,3,6,5
リブラのてんびん,3,6,6
スコーピオのランプ,3,6,7
サジタリアスのや,3,6,8
カプリコーンのおきもの,3,6,9
アクエリアスのみずがめ,3,6,10
ピスケスのランプ,3,7,1
たけのスツール,3,7,2
たけのベンチ,3,7,3
たけのキャンドルホルダー,3,7,4
たけのスクリーン,3,7,5
たけのまり,3,7,6
たけのシェルフ,3,7,7
たけのべんとうばこ,3,7,8
いろり,3,7,9
ししおどし,3,7,10
たけのかご,3,8,1
たけのフロアスタンド,3,8,2
たけのスピーカー,3,8,3
たけのくるまどめ,3,8,4
バンブードラム,3,8,5
たけのいちりんざし,3,8,6
バンブーなかべ,3,8,7
バンブーなゆか,3,8,8
ダークなバンブーラグ,3,8,9
たけがき,3,8,10
たけのビックリばこ,3,9,1
みどりのおちば,3,9,2
ながしそうめん,3,9,3
せいろ,3,9,4
たけのこランプ,3,9,5
ちくりんのかべ,3,9,6
ライトなバンブーラグ,3,9,7
しょいこ,3,9,8
たけのステッキ,3,9,9
さくらのはなびらのやま,3,9,10
さくらのぼんさい,3,10,1
さくらのえだ,3,10,2
おはなみセット,3,10,3
おはなみのちょうちん,3,10,4
さくらクロック,3,10,5
さくらなみきのかべ,3,10,6
さくらのウッドウォール,3,10,7
さくらのじゅうたん,3,10,8
さくらのウッドフローリング,3,10,9
さくらのかさ,3,10,10
さくらのポシェット,3,11,1
さくらのステッキ,3,11,2
かいがらのスツール,3,11,3
かいがらのふんすい,3,11,4
かいがらのテーブル,3,11,5
かいがらのベッド,3,11,6
かいがらのスクリーン,3,11,7
かいがらのアーチ,3,11,8
かいがらのランプ,3,11,9
かいがらのスピーカー,3,11,10
すなはまのゆか,3,12,1
かいがらのラグ,3,12,2
かいがらのリース,3,12,3
みなみのうみなかべ,3,12,4
すいちゅうのかべがみ,3,12,5
うみのそこのゆか,3,12,6
ほしのすなはまのゆか,3,12,7
みなものゆか,3,12,8
かいがらポシェット,3,12,9
かいがらのステッキ,3,12,10
きいろのおちば,3,13,1
あかいおちば,3,13,2
おちば,3,13,3
おちばのたきび,3,13,4
おちばスツール,3,13,5
やじろべえ,3,13,6
きのみのランプ,3,13,7
ちいさなきのみのツリー,3,13,8
おおきなきのみのツリー,3,13,9
きのみのアーチ,3,13,10
マツのぼんさい,3,14,1
きのみのモビール,3,14,2
こうようのかべ,3,14,3
こうようのゆか,3,14,4
もみじのかさ,3,14,5
もみじのポシェット,3,14,6
どんぐりポシェット,3,14,7
キノコのスツール,3,14,8
キノコのげんぼく,3,14,9
キノコのテーブル,3,14,10
キノコのランプ,3,15,1
キノコのパラソル,3,15,2
キノコのスクリーン,3,15,3
キノコのリース,3,15,4
キノコのもりのかべ,3,15,5
キノコのかべがみ,3,15,6
キノコのもりのゆか,3,15,7
キノコのかさ,3,15,8
キノコのステッキ,3,15,9
アイスキャンディー,3,15,10
こおりのイス,4,1,1
こおりのカウンター,4,1,2
こおりのテーブル,4,1,3
こおりのベッド,4,1,4
こおりのパーテーション,4,1,5
こおりのアーチ,4,1,6
こおりのはしら,4,1,7
こおりのアート,4,1,8
こおりのツリー,4,1,9
3だんゆきだるま,4,1,10
アイスなかべがみ,4,2,1
アイスなゆか,4,2,2
ゆきだるまのぼうし,4,2,3
こおりのステッキ,4,2,4
ゆきのけっしょうのリース,4,2,5
ゲレンデなかべがみ,4,2,6
ひょうざんのかべ,4,2,7
スノーフレークのかべがみ,4,2,8
ゲレンデのゆか,4,2,9
りゅうひょうのゆか,4,2,10
スノーフレークポシェット,4,3,1
おまつりのコマ,4,3,2
クリスマスキャンドル,4,3,3
テーブルクリスマスツリー,4,3,4
かわいいクリスマスツリー,4,3,5
おおきなクリスマスツリー,4,3,6
ゆきのイルミネーション,4,3,7
プレゼントのイルミネーション,4,3,8
トナカイのイルミネーション,4,3,9
ツリーのイルミネーション,4,3,10
オーナメントのモビール,4,4,1
オーナメントのリース,4,4,2
クリスマスなかべ,4,4,3
アネモネのせんぷうき,4,4,4
キクのクッション,4,4,5
コスモスのシャワー,4,4,6
チューリップのビックリばこ,4,4,7
バラのベッド,4,4,8
パンジーのテーブル,4,4,9
ヒヤシンスのランプ,4,4,10
ユリのレコードプレーヤー,4,5,1
スタンドフラワー,4,5,2
アネモネのリース,4,5,3
クールなアネモネのリース,4,5,4
シックなアネモネのリース,4,5,5
キクのリース,4,5,6
ファンシーなキクのリース,4,5,7
ナチュラルなキクのリース,4,5,8
コスモスのリース,4,5,9
キュートなコスモスのリース,4,5,10
シックなコスモスのリース,4,6,1
チューリップのリース,4,6,2
キュートなチューリップのリース,4,6,3
ダークなチューリップのリース,4,6,4
バラのリース,4,6,5
ファンシーなバラのリース,4,6,6
ダークなバラのリース,4,6,7
あおいバラのリース,4,6,8
きんのバラのリース,4,6,9
パンジーのリース,4,6,10
ポップなパンジーのリース,4,7,1
クールなパンジーのリース,4,7,2
ヒヤシンスのリース,4,7,3
クールなヒヤシンスのリース,4,7,4
むらさきのヒヤシンスのリース,4,7,5
ユリのリース,4,7,6
ファンシーなユリのリース,4,7,7
ダークなユリのリース,4,7,8
アネモネのかんむり,4,7,9
アネモネのかんむり・クール,4,7,10
アネモネのかんむり・パープル,4,8,1
キクのかんむり,4,8,2
キクのかんむり・シック,4,8,3
キクのかんむり・シンプル,4,8,4
コスモスのかんむり,4,8,5
コスモスのかんむり・ラブリー,4,8,6
コスモスのかんむり・ダーク,4,8,7
チューリップのかんむり,4,8,8
チューリップのかんむり・シック,4,8,9
チューリップのかんむり・ダーク,4,8,10
バラのかんむり,4,9,1
バラのかんむり・キュート,4,9,2
バラのかんむり・シック,4,9,3
バラのかんむり・ブルー,4,9,4
バラのかんむり・ゴールド,4,9,5
パンジーのかんむり,4,9,6
パンジーのかんむり・クール,4,9,7
パンジーのかんむり・パープル,4,9,8
ヒヤシンスのかんむり,4,9,9
ヒヤシンスのかんむり・クール,4,9,10
ヒヤシンスのかんむり・パープル,4,10,1
ユリのかんむり,4,10,2
ユリのかんむり・キュート,4,10,3
ユリのかんむり・ダーク,4,10,4
アネモネのステッキ,4,10,5
キクのステッキ,4,10,6
コスモスのステッキ,4,10,7
チューリップのステッキ,4,10,8
バラのステッキ,4,10,9
パンジーのステッキ,4,10,10
ヒヤシンスのステッキ,4,11,1
ユリのステッキ,4,11,2
ウェディングなステッキ,4,11,3
イースターなスツール,4,11,4
イースターなテーブル,4,11,5
イースターなクロゼット,4,11,6
イースターなドレッサー,4,11,7
イースターなベッド,4,11,8
イースターなランプ,4,11,9
イースターなバルーンA,4,11,10
イースターなバルーンB,4,12,1
イースターなアーチ,4,12,2
ぴょんたろうのおきあがりこぼし,4,12,3
イースターなウォールクロック,4,12,4
イースターなライトガーランド,4,12,5
イースターなリース,4,12,6
イースターなかべがみ,4,12,7
イースターなゆか,4,12,8
イースターなラグ,4,12,9
じめんのたまごのから,4,12,10
じめんのたまごのふく,4,13,1
じめんのたまごのくつ,4,13,2
いわのたまごのから,4,13,3
いわのたまごのふく,4,13,4
いわのたまごのくつ,4,13,5
はっぱのたまごのから,4,13,6
はっぱのたまごのふく,4,13,7
はっぱのたまごのくつ,4,13,8
ウッディなたまごのから,4,13,9
ウッディなたまごのふく,4,13,10
ウッディなたまごのくつ,4,14,1
そらとぶたまごのから,4,14,2
そらとぶたまごのふく,4,14,3
そらとぶたまごのくつ,4,14,4
サカナのたまごのから,4,14,5
サカナのたまごのふく,4,14,6
サカナのたまごのくつ,4,14,7
たまごのパーティーハット,4,14,8
たまごのパーティーワンピ,4,14,9
イースターなかんむり,4,14,10
イースターなバッグ,4,15,1
イースターなさく,4,15,2
イースターなステッキ,4,15,3